<?xml version="1.0" encoding="UTF-8"?>
<jcr:root xmlns:sling="http://sling.apache.org/jcr/sling/1.0" xmlns:cq="http://www.day.com/jcr/cq/1.0" xmlns:jcr="http://www.jcp.org/jcr/1.0" xmlns:nt="http://www.jcp.org/jcr/nt/1.0"
    jcr:primaryType="nt:unstructured"
    jcr:title="Promo"
    sling:resourceType="cq/gui/components/authoring/dialog">
    <content
        jcr:primaryType="nt:unstructured"
        sling:resourceType="granite/ui/components/foundation/container">
        <layout
            jcr:primaryType="nt:unstructured"
            sling:resourceType="granite/ui/components/foundation/layouts/tabs"
            type="nav"/>
        <items jcr:primaryType="nt:unstructured">
            <tab1
                jcr:primaryType="nt:unstructured"
                jcr:title="Tab 1"
                sling:resourceType="granite/ui/components/foundation/container">
                <layout
                    jcr:primaryType="nt:unstructured"
                    sling:resourceType="granite/ui/components/foundation/layouts/fixedcolumns"/>
                <items jcr:primaryType="nt:unstructured">
                    <columns
                        jcr:primaryType="nt:unstructured"
                        sling:resourceType="granite/ui/components/foundation/container">
                        <items jcr:primaryType="nt:unstructured">
                            <multi1
                                jcr:primaryType="nt:unstructured"
                                sling:resourceType="granite/ui/components/coral/foundation/form/multifield"
                                composite="{Boolean}true"
                                fieldLabel="List of Pairs"
                                >
                                <field 
                                    jcr:primaryType="nt:unstructured"
                                	sling:resourceType = "granite/ui/components/coral/foundation/container"
                                	name="./multi1">
                                	<items jcr:primaryType="nt:unstructured">
                                        <key
                                             jcr:primaryType="nt:unstructured"
                                             sling:resourceType = "granite/ui/components/coral/foundation/form/textfield"
                                             name="key"
                                             fieldLabel="Key:"
                                              />
                                        <value
                                             jcr:primaryType="nt:unstructured"
                                             sling:resourceType = "granite/ui/components/coral/foundation/form/textfield"
                                             name="value"
                                             fieldLabel="Value:"
                                              />
                                    </items>
                                </field>
                            </multi1>                            
                        </items>
                    </columns>
                </items>
            </tab1>
        </items>
    </content>
</jcr:root>
